<BackupInst xmlns="http://www.microsoft.com/GroupPolicy/GPOOperations/Manifest"><GPOGuid><![CDATA[{1023C62E-2011-416B-B9BF-025F0EC8340D}]]></GPOGuid><GPODomain><![CDATA[security.local]]></GPODomain><GPODomainGuid><![CDATA[{2b127034-e676-4f54-b03a-e700e3004cb0}]]></GPODomainGuid><GPODomainController><![CDATA[GPOSrv2016.security.local]]></GPODomainController><BackupTime><![CDATA[2020-02-10T16:09:12]]></BackupTime><ID><![CDATA[{0A032FAB-D65A-43B6-9BDF-D90E5DD60056}]]></ID><Comment><![CDATA[]]></Comment><GPODisplayName><![CDATA[DoD Project 2013 STIG User v1r4]]></GPODisplayName></BackupInst>
