<Backups xmlns="http://www.microsoft.com/GroupPolicy/GPOOperations/Manifest" xmlns:mfst="http://www.microsoft.com/GroupPolicy/GPOOperations/Manifest" mfst:version="1.0"><BackupInst><GPOGuid><![CDATA[{25BFE349-8220-40C6-A92B-8A6B53E694F2}]]></GPOGuid><GPODomain><![CDATA[security.local]]></GPODomain><GPODomainGuid><![CDATA[{2b127034-e676-4f54-b03a-e700e3004cb0}]]></GPODomainGuid><GPODomainController><![CDATA[GPOSrv2016.security.local]]></GPODomainController><BackupTime><![CDATA[2020-02-12T22:08:40]]></BackupTime><ID><![CDATA[{327F6565-415A-4160-AC3E-FED5831F74C8}]]></ID><Comment><![CDATA[]]></Comment><GPODisplayName><![CDATA[DoD Adobe Acrobat Pro DC Classic STIG User v1r3]]></GPODisplayName></BackupInst><BackupInst><GPOGuid><![CDATA[{900DD94D-2142-4ED8-8573-023F54079761}]]></GPOGuid><GPODomain><![CDATA[security.local]]></GPODomain><GPODomainGuid><![CDATA[{2b127034-e676-4f54-b03a-e700e3004cb0}]]></GPODomainGuid><GPODomainController><![CDATA[GPOSrv2016.security.local]]></GPODomainController><BackupTime><![CDATA[2020-02-12T22:08:27]]></BackupTime><ID><![CDATA[{C711BC12-4A88-4510-AF84-25CFF8CB852A}]]></ID><Comment><![CDATA[]]></Comment><GPODisplayName><![CDATA[DoD Adobe Acrobat Pro DC Classic STIG Computer v1r3]]></GPODisplayName></BackupInst></Backups>