<Backups xmlns="http://www.microsoft.com/GroupPolicy/GPOOperations/Manifest" xmlns:mfst="http://www.microsoft.com/GroupPolicy/GPOOperations/Manifest" mfst:version="1.0"><BackupInst><GPOGuid><![CDATA[{5D98193F-45C7-4BFF-896B-D038B43B9115}]]></GPOGuid><GPODomain><![CDATA[security.local]]></GPODomain><GPODomainGuid><![CDATA[{2b127034-e676-4f54-b03a-e700e3004cb0}]]></GPODomainGuid><GPODomainController><![CDATA[GPOSrv2016.security.local]]></GPODomainController><BackupTime><![CDATA[2020-02-10T16:09:12]]></BackupTime><ID><![CDATA[{3A49130C-0BF5-453B-837B-2BC538C55831}]]></ID><Comment><![CDATA[]]></Comment><GPODisplayName><![CDATA[DoD Word 2013 STIG User v1r6]]></GPODisplayName></BackupInst><BackupInst><GPOGuid><![CDATA[{CB25F9C1-7538-4C1D-8B0A-570AD275DD4A}]]></GPOGuid><GPODomain><![CDATA[security.local]]></GPODomain><GPODomainGuid><![CDATA[{2b127034-e676-4f54-b03a-e700e3004cb0}]]></GPODomainGuid><GPODomainController><![CDATA[GPOSrv2016.security.local]]></GPODomainController><BackupTime><![CDATA[2020-02-10T16:09:12]]></BackupTime><ID><![CDATA[{DCC8A1CB-5C4E-48F7-83F3-12DC19494768}]]></ID><Comment><![CDATA[]]></Comment><GPODisplayName><![CDATA[DoD Visio 2013 STIG User v1r4]]></GPODisplayName></BackupInst><BackupInst><GPOGuid><![CDATA[{463AF87C-AE54-46A8-925D-A0384D8B72CE}]]></GPOGuid><GPODomain><![CDATA[security.local]]></GPODomain><GPODomainGuid><![CDATA[{2b127034-e676-4f54-b03a-e700e3004cb0}]]></GPODomainGuid><GPODomainController><![CDATA[GPOSrv2016.security.local]]></GPODomainController><BackupTime><![CDATA[2020-02-10T16:09:12]]></BackupTime><ID><![CDATA[{1F25599B-2D13-47FE-A760-26CA7DB31246}]]></ID><Comment><![CDATA[]]></Comment><GPODisplayName><![CDATA[DoD Publisher 2013 STIG User v1r5]]></GPODisplayName></BackupInst><BackupInst><GPOGuid><![CDATA[{1023C62E-2011-416B-B9BF-025F0EC8340D}]]></GPOGuid><GPODomain><![CDATA[security.local]]></GPODomain><GPODomainGuid><![CDATA[{2b127034-e676-4f54-b03a-e700e3004cb0}]]></GPODomainGuid><GPODomainController><![CDATA[GPOSrv2016.security.local]]></GPODomainController><BackupTime><![CDATA[2020-02-10T16:09:12]]></BackupTime><ID><![CDATA[{0A032FAB-D65A-43B6-9BDF-D90E5DD60056}]]></ID><Comment><![CDATA[]]></Comment><GPODisplayName><![CDATA[DoD Project 2013 STIG User v1r4]]></GPODisplayName></BackupInst><BackupInst><GPOGuid><![CDATA[{2E6C1A48-4E61-466E-9851-C187E5608514}]]></GPOGuid><GPODomain><![CDATA[security.local]]></GPODomain><GPODomainGuid><![CDATA[{2b127034-e676-4f54-b03a-e700e3004cb0}]]></GPODomainGuid><GPODomainController><![CDATA[GPOSrv2016.security.local]]></GPODomainController><BackupTime><![CDATA[2020-02-10T16:09:11]]></BackupTime><ID><![CDATA[{3A9BFA08-7548-4BB0-9CC4-4D1FC28F66A1}]]></ID><Comment><![CDATA[]]></Comment><GPODisplayName><![CDATA[DoD PowerPoint 2013 STIG User v1r6]]></GPODisplayName></BackupInst><BackupInst><GPOGuid><![CDATA[{59100A48-4801-4B0E-9A61-75919C49F3A3}]]></GPOGuid><GPODomain><![CDATA[security.local]]></GPODomain><GPODomainGuid><![CDATA[{2b127034-e676-4f54-b03a-e700e3004cb0}]]></GPODomainGuid><GPODomainController><![CDATA[GPOSrv2016.security.local]]></GPODomainController><BackupTime><![CDATA[2020-02-10T16:09:11]]></BackupTime><ID><![CDATA[{5BE15BF4-5068-473F-BDD5-EEB6CCC5AB3E}]]></ID><Comment><![CDATA[]]></Comment><GPODisplayName><![CDATA[DoD Outlook 2013 STIG User v1r13]]></GPODisplayName></BackupInst><BackupInst><GPOGuid><![CDATA[{4EB75524-9AC8-4305-A352-7F6AE839B80A}]]></GPOGuid><GPODomain><![CDATA[security.local]]></GPODomain><GPODomainGuid><![CDATA[{2b127034-e676-4f54-b03a-e700e3004cb0}]]></GPODomainGuid><GPODomainController><![CDATA[GPOSrv2016.security.local]]></GPODomainController><BackupTime><![CDATA[2020-02-10T16:09:11]]></BackupTime><ID><![CDATA[{2366EAFE-3C98-4736-B316-E9B3A1E7F564}]]></ID><Comment><![CDATA[]]></Comment><GPODisplayName><![CDATA[DoD Office System 2013 STIG User v1r9]]></GPODisplayName></BackupInst><BackupInst><GPOGuid><![CDATA[{AAE56B5A-4345-4BB6-A249-45F685409B65}]]></GPOGuid><GPODomain><![CDATA[security.local]]></GPODomain><GPODomainGuid><![CDATA[{2b127034-e676-4f54-b03a-e700e3004cb0}]]></GPODomainGuid><GPODomainController><![CDATA[GPOSrv2016.security.local]]></GPODomainController><BackupTime><![CDATA[2020-02-10T16:09:11]]></BackupTime><ID><![CDATA[{298ABF06-47DB-4C27-9787-95549980A2E4}]]></ID><Comment><![CDATA[]]></Comment><GPODisplayName><![CDATA[DoD Office System 2013 STIG Computer v1r9]]></GPODisplayName></BackupInst><BackupInst><GPOGuid><![CDATA[{B4AF7E4B-D548-4F5C-A656-D27EB1EBB016}]]></GPOGuid><GPODomain><![CDATA[security.local]]></GPODomain><GPODomainGuid><![CDATA[{2b127034-e676-4f54-b03a-e700e3004cb0}]]></GPODomainGuid><GPODomainController><![CDATA[GPOSrv2016.security.local]]></GPODomainController><BackupTime><![CDATA[2020-02-10T16:09:10]]></BackupTime><ID><![CDATA[{C9B064E7-0D8B-4B4E-8821-3D3C032C3EC8}]]></ID><Comment><![CDATA[]]></Comment><GPODisplayName><![CDATA[DoD Lync 2013 STIG Computer v1r4]]></GPODisplayName></BackupInst><BackupInst><GPOGuid><![CDATA[{4AC84283-FEA0-4E9E-9E3C-6B6798239184}]]></GPOGuid><GPODomain><![CDATA[security.local]]></GPODomain><GPODomainGuid><![CDATA[{2b127034-e676-4f54-b03a-e700e3004cb0}]]></GPODomainGuid><GPODomainController><![CDATA[GPOSrv2016.security.local]]></GPODomainController><BackupTime><![CDATA[2020-02-10T16:09:10]]></BackupTime><ID><![CDATA[{05C35397-8CC1-4F83-8482-F34841B95A60}]]></ID><Comment><![CDATA[]]></Comment><GPODisplayName><![CDATA[DoD Infopath 2013 STIG User v1r5]]></GPODisplayName></BackupInst><BackupInst><GPOGuid><![CDATA[{FE905DB3-0A7D-4559-9A39-2DFE6BA02968}]]></GPOGuid><GPODomain><![CDATA[security.local]]></GPODomain><GPODomainGuid><![CDATA[{2b127034-e676-4f54-b03a-e700e3004cb0}]]></GPODomainGuid><GPODomainController><![CDATA[GPOSrv2016.security.local]]></GPODomainController><BackupTime><![CDATA[2020-02-10T16:09:10]]></BackupTime><ID><![CDATA[{8DC10A82-F7BA-4F5F-872A-64249E3EF1CA}]]></ID><Comment><![CDATA[]]></Comment><GPODisplayName><![CDATA[DoD Infopath 2013 STIG Computer v1r5]]></GPODisplayName></BackupInst><BackupInst><GPOGuid><![CDATA[{68419A10-A8C1-4EF5-9876-7DAA2175B65E}]]></GPOGuid><GPODomain><![CDATA[security.local]]></GPODomain><GPODomainGuid><![CDATA[{2b127034-e676-4f54-b03a-e700e3004cb0}]]></GPODomainGuid><GPODomainController><![CDATA[GPOSrv2016.security.local]]></GPODomainController><BackupTime><![CDATA[2020-02-10T16:09:10]]></BackupTime><ID><![CDATA[{2DB65096-FFEB-42DD-B77E-5CFBCDCFEC80}]]></ID><Comment><![CDATA[]]></Comment><GPODisplayName><![CDATA[DoD Excel 2013 STIG User v1r7]]></GPODisplayName></BackupInst><BackupInst><GPOGuid><![CDATA[{8B13F635-25F2-44AA-962F-DAC45185BD45}]]></GPOGuid><GPODomain><![CDATA[security.local]]></GPODomain><GPODomainGuid><![CDATA[{2b127034-e676-4f54-b03a-e700e3004cb0}]]></GPODomainGuid><GPODomainController><![CDATA[GPOSrv2016.security.local]]></GPODomainController><BackupTime><![CDATA[2020-02-10T16:09:09]]></BackupTime><ID><![CDATA[{6029E4E2-8030-4803-B0F8-4EF1850B893B}]]></ID><Comment><![CDATA[]]></Comment><GPODisplayName><![CDATA[DoD Access 2013 STIG User v1r6]]></GPODisplayName></BackupInst></Backups>