<BackupInst xmlns="http://www.microsoft.com/GroupPolicy/GPOOperations/Manifest"><GPOGuid><![CDATA[{2E6C1A48-4E61-466E-9851-C187E5608514}]]></GPOGuid><GPODomain><![CDATA[security.local]]></GPODomain><GPODomainGuid><![CDATA[{2b127034-e676-4f54-b03a-e700e3004cb0}]]></GPODomainGuid><GPODomainController><![CDATA[GPOSrv2016.security.local]]></GPODomainController><BackupTime><![CDATA[2020-02-10T16:09:11]]></BackupTime><ID><![CDATA[{3A9BFA08-7548-4BB0-9CC4-4D1FC28F66A1}]]></ID><Comment><![CDATA[]]></Comment><GPODisplayName><![CDATA[DoD PowerPoint 2013 STIG User v1r6]]></GPODisplayName></BackupInst>
