<BackupInst xmlns="http://www.microsoft.com/GroupPolicy/GPOOperations/Manifest"><GPOGuid><![CDATA[{77B6A9FC-0F39-48E2-BD57-4CBF1CEBA0BE}]]></GPOGuid><GPODomain><![CDATA[security.local]]></GPODomain><GPODomainGuid><![CDATA[{2b127034-e676-4f54-b03a-e700e3004cb0}]]></GPODomainGuid><GPODomainController><![CDATA[GPOSrv2016.security.local]]></GPODomainController><BackupTime><![CDATA[2020-02-12T22:08:40]]></BackupTime><ID><![CDATA[{0E3DF88D-8C94-4218-8C10-CC56255DFC5B}]]></ID><Comment><![CDATA[]]></Comment><GPODisplayName><![CDATA[DoD Adobe Acrobat Pro DC Continuous STIG Computer V1R2]]></GPODisplayName></BackupInst>
