<BackupInst xmlns="http://www.microsoft.com/GroupPolicy/GPOOperations/Manifest"><GPOGuid><![CDATA[{5D98193F-45C7-4BFF-896B-D038B43B9115}]]></GPOGuid><GPODomain><![CDATA[security.local]]></GPODomain><GPODomainGuid><![CDATA[{2b127034-e676-4f54-b03a-e700e3004cb0}]]></GPODomainGuid><GPODomainController><![CDATA[GPOSrv2016.security.local]]></GPODomainController><BackupTime><![CDATA[2020-02-10T16:09:12]]></BackupTime><ID><![CDATA[{3A49130C-0BF5-453B-837B-2BC538C55831}]]></ID><Comment><![CDATA[]]></Comment><GPODisplayName><![CDATA[DoD Word 2013 STIG User v1r6]]></GPODisplayName></BackupInst>
