<BackupInst xmlns="http://www.microsoft.com/GroupPolicy/GPOOperations/Manifest"><GPOGuid><![CDATA[{463AF87C-AE54-46A8-925D-A0384D8B72CE}]]></GPOGuid><GPODomain><![CDATA[security.local]]></GPODomain><GPODomainGuid><![CDATA[{2b127034-e676-4f54-b03a-e700e3004cb0}]]></GPODomainGuid><GPODomainController><![CDATA[GPOSrv2016.security.local]]></GPODomainController><BackupTime><![CDATA[2020-02-10T16:09:12]]></BackupTime><ID><![CDATA[{1F25599B-2D13-47FE-A760-26CA7DB31246}]]></ID><Comment><![CDATA[]]></Comment><GPODisplayName><![CDATA[DoD Publisher 2013 STIG User v1r5]]></GPODisplayName></BackupInst>
