<BackupInst xmlns="http://www.microsoft.com/GroupPolicy/GPOOperations/Manifest"><GPOGuid><![CDATA[{94D8A0EF-5130-43A8-A530-15329370DB78}]]></GPOGuid><GPODomain><![CDATA[security.local]]></GPODomain><GPODomainGuid><![CDATA[{2b127034-e676-4f54-b03a-e700e3004cb0}]]></GPODomainGuid><GPODomainController><![CDATA[GPOSrv2016.security.local]]></GPODomainController><BackupTime><![CDATA[2020-02-10T16:10:19]]></BackupTime><ID><![CDATA[{A1410496-5F7D-4A87-A63E-E9198F50F57C}]]></ID><Comment><![CDATA[]]></Comment><GPODisplayName><![CDATA[DoD Access 2016 STIG User v1r1]]></GPODisplayName></BackupInst>
