<Backups xmlns="http://www.microsoft.com/GroupPolicy/GPOOperations/Manifest" xmlns:mfst="http://www.microsoft.com/GroupPolicy/GPOOperations/Manifest" mfst:version="1.0"><BackupInst><GPOGuid><![CDATA[{782B2ACC-40A8-49CB-B08D-24E2FA799739}]]></GPOGuid><GPODomain><![CDATA[security.local]]></GPODomain><GPODomainGuid><![CDATA[{2b127034-e676-4f54-b03a-e700e3004cb0}]]></GPODomainGuid><GPODomainController><![CDATA[GPOSrv2016.security.local]]></GPODomainController><BackupTime><![CDATA[2020-02-10T16:09:04]]></BackupTime><ID><![CDATA[{3CED5E25-34B8-465F-B953-F512141A0A1D}]]></ID><Comment><![CDATA[]]></Comment><GPODisplayName><![CDATA[DoD Windows Server 2012 R2 Member Server STIG User v2r17]]></GPODisplayName></BackupInst><BackupInst><GPOGuid><![CDATA[{658EC5EB-1B72-408D-85C3-6FFA31C1F772}]]></GPOGuid><GPODomain><![CDATA[security.local]]></GPODomain><GPODomainGuid><![CDATA[{2b127034-e676-4f54-b03a-e700e3004cb0}]]></GPODomainGuid><GPODomainController><![CDATA[GPOSrv2016.security.local]]></GPODomainController><BackupTime><![CDATA[2020-02-10T16:09:04]]></BackupTime><ID><![CDATA[{C946DBC3-FD2D-4761-99A9-8124B822C59B}]]></ID><Comment><![CDATA[]]></Comment><GPODisplayName><![CDATA[DoD Windows Server 2012 R2 Member Server STIG Computer v2r17]]></GPODisplayName></BackupInst><BackupInst><GPOGuid><![CDATA[{3B87CADD-7B45-4E64-AA4F-1A9776AF8DD5}]]></GPOGuid><GPODomain><![CDATA[security.local]]></GPODomain><GPODomainGuid><![CDATA[{2b127034-e676-4f54-b03a-e700e3004cb0}]]></GPODomainGuid><GPODomainController><![CDATA[GPOSrv2016.security.local]]></GPODomainController><BackupTime><![CDATA[2020-02-10T16:09:03]]></BackupTime><ID><![CDATA[{3E503775-1D2B-4D55-98D7-B88916D899D5}]]></ID><Comment><![CDATA[]]></Comment><GPODisplayName><![CDATA[DoD Windows Server 2012 R2 Domain Controller STIG User v2r19]]></GPODisplayName></BackupInst><BackupInst><GPOGuid><![CDATA[{E6E640EA-1AEC-4F03-BF1A-6A45332BCF9D}]]></GPOGuid><GPODomain><![CDATA[security.local]]></GPODomain><GPODomainGuid><![CDATA[{2b127034-e676-4f54-b03a-e700e3004cb0}]]></GPODomainGuid><GPODomainController><![CDATA[GPOSrv2016.security.local]]></GPODomainController><BackupTime><![CDATA[2020-02-10T16:08:55]]></BackupTime><ID><![CDATA[{9B5B9CF4-B2F8-4CFC-8258-9384F6F1F659}]]></ID><Comment><![CDATA[]]></Comment><GPODisplayName><![CDATA[DoD Windows Server 2012 R2 Domain Controller STIG Computer v2r19]]></GPODisplayName></BackupInst></Backups>