<BackupInst xmlns="http://www.microsoft.com/GroupPolicy/GPOOperations/Manifest"><GPOGuid><![CDATA[{F56989B0-4BE4-46B4-BF4D-53A71C7DA385}]]></GPOGuid><GPODomain><![CDATA[security.local]]></GPODomain><GPODomainGuid><![CDATA[{2b127034-e676-4f54-b03a-e700e3004cb0}]]></GPODomainGuid><GPODomainController><![CDATA[GPOSrv2016.security.local]]></GPODomainController><BackupTime><![CDATA[2020-02-10T16:10:19]]></BackupTime><ID><![CDATA[{58865187-147C-4666-9D40-A09859679965}]]></ID><Comment><![CDATA[]]></Comment><GPODisplayName><![CDATA[DoD Excel 2016 STIG User v1r2]]></GPODisplayName></BackupInst>
