<BackupInst xmlns="http://www.microsoft.com/GroupPolicy/GPOOperations/Manifest"><GPOGuid><![CDATA[{B4AF7E4B-D548-4F5C-A656-D27EB1EBB016}]]></GPOGuid><GPODomain><![CDATA[security.local]]></GPODomain><GPODomainGuid><![CDATA[{2b127034-e676-4f54-b03a-e700e3004cb0}]]></GPODomainGuid><GPODomainController><![CDATA[GPOSrv2016.security.local]]></GPODomainController><BackupTime><![CDATA[2020-02-10T16:09:10]]></BackupTime><ID><![CDATA[{C9B064E7-0D8B-4B4E-8821-3D3C032C3EC8}]]></ID><Comment><![CDATA[]]></Comment><GPODisplayName><![CDATA[DoD Lync 2013 STIG Computer v1r4]]></GPODisplayName></BackupInst>
