<BackupInst xmlns="http://www.microsoft.com/GroupPolicy/GPOOperations/Manifest"><GPOGuid><![CDATA[{C9226FCE-69B8-4C5C-8E13-E59E47CEA039}]]></GPOGuid><GPODomain><![CDATA[security.local]]></GPODomain><GPODomainGuid><![CDATA[{2b127034-e676-4f54-b03a-e700e3004cb0}]]></GPODomainGuid><GPODomainController><![CDATA[GPOSrv2016.security.local]]></GPODomainController><BackupTime><![CDATA[2020-02-10T16:09:59]]></BackupTime><ID><![CDATA[{C07F9F2C-B32F-4A04-8F3C-3B4CB9AF8DCD}]]></ID><Comment><![CDATA[]]></Comment><GPODisplayName><![CDATA[DoD Windows Server 2019 Domain Controller STIG Computer v1r3]]></GPODisplayName></BackupInst>
