<BackupInst xmlns="http://www.microsoft.com/GroupPolicy/GPOOperations/Manifest"><GPOGuid><![CDATA[{FE905DB3-0A7D-4559-9A39-2DFE6BA02968}]]></GPOGuid><GPODomain><![CDATA[security.local]]></GPODomain><GPODomainGuid><![CDATA[{2b127034-e676-4f54-b03a-e700e3004cb0}]]></GPODomainGuid><GPODomainController><![CDATA[GPOSrv2016.security.local]]></GPODomainController><BackupTime><![CDATA[2020-02-10T16:09:10]]></BackupTime><ID><![CDATA[{8DC10A82-F7BA-4F5F-872A-64249E3EF1CA}]]></ID><Comment><![CDATA[]]></Comment><GPODisplayName><![CDATA[DoD Infopath 2013 STIG Computer v1r5]]></GPODisplayName></BackupInst>
