<BackupInst xmlns="http://www.microsoft.com/GroupPolicy/GPOOperations/Manifest"><GPOGuid><![CDATA[{A501A0FF-A67C-4E94-B82A-CC3CC04FE4B5}]]></GPOGuid><GPODomain><![CDATA[security.local]]></GPODomain><GPODomainGuid><![CDATA[{2b127034-e676-4f54-b03a-e700e3004cb0}]]></GPODomainGuid><GPODomainController><![CDATA[GPOSrv2016.security.local]]></GPODomainController><BackupTime><![CDATA[2020-02-12T22:08:49]]></BackupTime><ID><![CDATA[{08283A27-9444-46F1-BFC5-3705478EC878}]]></ID><Comment><![CDATA[]]></Comment><GPODisplayName><![CDATA[DoD Windows 10 STIG User v1r20]]></GPODisplayName></BackupInst>
