<BackupInst xmlns="http://www.microsoft.com/GroupPolicy/GPOOperations/Manifest"><GPOGuid><![CDATA[{68419A10-A8C1-4EF5-9876-7DAA2175B65E}]]></GPOGuid><GPODomain><![CDATA[security.local]]></GPODomain><GPODomainGuid><![CDATA[{2b127034-e676-4f54-b03a-e700e3004cb0}]]></GPODomainGuid><GPODomainController><![CDATA[GPOSrv2016.security.local]]></GPODomainController><BackupTime><![CDATA[2020-02-10T16:09:10]]></BackupTime><ID><![CDATA[{2DB65096-FFEB-42DD-B77E-5CFBCDCFEC80}]]></ID><Comment><![CDATA[]]></Comment><GPODisplayName><![CDATA[DoD Excel 2013 STIG User v1r7]]></GPODisplayName></BackupInst>
