<BackupInst xmlns="http://www.microsoft.com/GroupPolicy/GPOOperations/Manifest"><GPOGuid><![CDATA[{DE4AAAEB-7E2A-4A83-8580-73271B4550A7}]]></GPOGuid><GPODomain><![CDATA[security.local]]></GPODomain><GPODomainGuid><![CDATA[{2b127034-e676-4f54-b03a-e700e3004cb0}]]></GPODomainGuid><GPODomainController><![CDATA[GPOSrv2016.security.local]]></GPODomainController><BackupTime><![CDATA[2020-02-12T22:08:51]]></BackupTime><ID><![CDATA[{7D8A0DA4-EC1B-4685-93EF-A080AD5F7D63}]]></ID><Comment><![CDATA[]]></Comment><GPODisplayName><![CDATA[DoD Windows Firewall STIG v1r7]]></GPODisplayName></BackupInst>
